#resn,atmn,hpb,reference,note
ALA,C,12,gromiha2010-protein-hydrophobicity,
ALA,CA,12,,
ALA,CB,12,,
ALA,N,-6,,
ALA,O,-6,,
ARG,C,12,,
ARG,CA,12,,
ARG,CB,12,,
ARG,CD,12,,
ARG,CG,12,,
ARG,CZ,12,,
ARG,N,-6,,
ARG,NE,-6,,
ARG,NH1,-10,,
ARG,NH2,-10,,
ARG,O,-6,,
ASN,C,12,,
ASN,CA,12,,
ASN,CB,12,,
ASN,CG,12,,
ASN,N,-6,,
ASN,ND2,-6,,
ASN,O,-6,,
ASN,OD1,-6,,
ASP,C,12,,
ASP,CA,12,,
ASP,CB,12,,
ASP,CG,12,,
ASP,N,-6,,
ASP,O,-6,,
ASP,OD1,-18,,
ASP,OD2,-18,,
CYS,C,12,,
CYS,CA,12,,
CYS,CB,12,,
CYS,N,-6,,
CYS,O,-6,,
CYS,SG,36,,
GLN,C,12,,
GLN,CA,12,,
GLN,CB,12,,
GLN,CD,12,,
GLN,CG,12,,
GLN,N,-6,,
GLN,NE2,-6,,
GLN,O,-6,,
GLN,OE1,-6,,
GLU,C,12,,
GLU,CA,12,,
GLU,CB,12,,
GLU,CD,12,,
GLU,CG,12,,
GLU,N,-6,,
GLU,O,-6,,
GLU,OE1,-18,,
GLU,OE2,-18,,
GLY,C,12,,
GLY,CA,12,,
GLY,N,-6,,
GLY,O,-6,,
HIS,C,12,,
HIS,CA,12,,
HIS,CB,12,,
HIS,CD2,12,,
HIS,CE1,12,,
HIS,CG,12,,
HIS,N,-6,,
HIS,ND1,-6,,
HIS,NE2,-6,,
HIS,O,-6,,
ILE,C,12,,
ILE,CA,12,,
ILE,CB,12,,
ILE,CD1,12,,
ILE,CG1,12,,
ILE,CG2,12,,
ILE,N,-6,,
ILE,O,-6,,
LEU,C,12,,
LEU,CA,12,,
LEU,CB,12,,
LEU,CD1,12,,
LEU,CD2,12,,
LEU,CG,12,,
LEU,N,-6,,
LEU,O,-6,,
LEU,OXT,-6,,
LYS,C,12,,
LYS,CA,12,,
LYS,CB,12,,
LYS,CD,12,,
LYS,CE,12,,
LYS,CG,12,,
LYS,N,-6,,
LYS,NZ,-19,,
LYS,O,-6,,
MET,C,12,,
MET,CA,12,,
MET,CB,12,,
MET,CE,12,,
MET,CG,12,,
MET,N,-6,,
MET,O,-6,,
MET,SD,36,,
PHE,C,12,,
PHE,CA,12,,
PHE,CB,12,,
PHE,CD1,12,,
PHE,CD2,12,,
PHE,CE1,12,,
PHE,CE2,12,,
PHE,CG,12,,
PHE,CZ,12,,
PHE,N,-6,,
PHE,O,-6,,
PRO,C,12,,
PRO,CA,12,,
PRO,CB,12,,
PRO,CD,12,,
PRO,CG,12,,
PRO,N,-6,,
PRO,O,-6,,
SER,C,12,,
SER,CA,12,,
SER,CB,12,,
SER,N,-6,,
SER,O,-6,,
SER,OG,-6,,
THR,C,12,,
THR,CA,12,,
THR,CB,12,,
THR,CG2,12,,
THR,N,-6,,
THR,O,-6,,
THR,OG1,-6,,
THR,OXT,-6,,
TRP,C,12,,
TRP,CA,12,,
TRP,CB,12,,
TRP,CD1,12,,
TRP,CD2,12,,
TRP,CE2,12,,
TRP,CE3,12,,
TRP,CG,12,,
TRP,CH2,12,,
TRP,CZ2,12,,
TRP,CZ3,12,,
TRP,N,-6,,
TRP,NE1,-6,,
TRP,O,-6,,
TYR,C,12,,
TYR,CA,12,,
TYR,CB,12,,
TYR,CD1,12,,
TYR,CD2,12,,
TYR,CE1,12,,
TYR,CE2,12,,
TYR,CG,12,,
TYR,CZ,12,,
TYR,N,-6,,
TYR,O,-6,,
TYR,OH,-6,,
VAL,C,12,,
VAL,CA,12,,
VAL,CB,12,,
VAL,CG1,12,,
VAL,CG2,12,,
VAL,N,-6,,
VAL,O,-6,,
VAL,OXT,-6,,
NA,NA,-12,,
WAT,O,-6,,
WAT,H1,0,,
WAT,H2,0,,
HOH,O,-6,,
PTR,N,-6,,
PTR,CA,12,,
PTR,C,12,,
PTR,O,-6,,
PTR,CB,12,,
PTR,CG,12,,
PTR,CD1,12,,
PTR,CD2,12,,
PTR,CE1,12,,
PTR,CE2,12,,
PTR,CZ,12,,
PTR,OH,-6,,
PTR,P,36,,
PTR,O1P,-9,,
PTR,O2P,-9,,
PTR,O3P,-9,,
SEP,N,-6,,
SEP,CA,12,,
SEP,C,12,,
SEP,O,-6,,
SEP,CB,12,,
SEP,OG,-6,,
SEP,P,36,,
SEP,O1P,-9,,
SEP,O2P,-9,,
SEP,O3P,-9,,
TPO,N,-6,,
TPO,CA,12,,
TPO,C,12,,
TPO,O,-6,,
TPO,CB,12,,
TPO,CG2,-6,,
TPO,OG1,-6,,
TPO,P,36,,
TPO,O1P,-9,,
TPO,O2P,-9,,
TPO,O3P,-9,,
MN,MN,-12,,
